,wear_rate_mm_per_1000km,tread_depth_mm,projected_life_km,cost_per_km,road_roughness,rain_index,avg_temp_c,noise_db
wear_rate_mm_per_1000km,1.0,-0.16771541206989646,-0.9152887246490722,0.7657974409419384,0.21579438273493065,0.15950174082053462,-0.07106989357293883,0.026934599722154538
tread_depth_mm,-0.16771541206989646,1.0,0.1996028514766296,-0.14548742702120185,-0.047834391727060575,-0.019992789440478144,0.01044255396735187,0.0034268379264204914
projected_life_km,-0.9152887246490722,0.1996028514766296,1.0,-0.7621779944099326,-0.22038368930307067,-0.16330156333258966,0.07055122259935179,-0.01991555989988354
cost_per_km,0.7657974409419384,-0.14548742702120185,-0.7621779944099326,1.0,0.13588582497064638,0.10294315795596587,-0.04251997053515476,0.01248146049224436
road_roughness,0.21579438273493065,-0.047834391727060575,-0.22038368930307067,0.13588582497064638,1.0,0.1922062464470293,-0.37552481607107996,0.1424402927962414
rain_index,0.15950174082053462,-0.019992789440478144,-0.16330156333258966,0.10294315795596587,0.1922062464470293,1.0,-0.24199275603610831,0.01339814721163607
avg_temp_c,-0.07106989357293883,0.01044255396735187,0.07055122259935179,-0.04251997053515476,-0.37552481607107996,-0.24199275603610831,1.0,-0.052376189801972735
noise_db,0.026934599722154538,0.0034268379264204914,-0.01991555989988354,0.01248146049224436,0.1424402927962414,0.01339814721163607,-0.052376189801972735,1.0
